{"Time":{"Min":0.0,"Max":172792.0,"Mean":94811.077599515},"V1":{"Min":-56.4075096313,"Max":2.4549299912,"Mean":0.0059171498},"V2":{"Min":-72.7157275629,"Max":22.0577289905,"Mean":-0.0041347556},"V3":{"Min":-48.3255893624,"Max":9.3825584328,"Mean":0.0016131194},"V4":{"Min":-5.6831711982,"Max":16.8753440336,"Mean":-0.0029663077},"V5":{"Min":-113.7433067111,"Max":34.8016658767,"Mean":0.0018275601},"V6":{"Min":-26.1605059358,"Max":73.301625546,"Mean":-0.0011394882},"V7":{"Min":-43.5572415712,"Max":120.5894939452,"Mean":0.0018006918},"V8":{"Min":-73.2167184553,"Max":20.0072083651,"Mean":-0.0008544526},"V9":{"Min":-13.4340663182,"Max":15.5949946071,"Mean":-0.0015961996},"V10":{"Min":-24.5882624372,"Max":23.7451361207,"Mean":-0.0014407105},"V11":{"Min":-4.7974734648,"Max":12.0189131816,"Mean":0.0002017576},"V12":{"Min":-18.6837146333,"Max":7.8483920756,"Mean":-0.0007147877},"V13":{"Min":-5.7918812063,"Max":7.1268829586,"Mean":0.0006033758},"V14":{"Min":-19.2143254903,"Max":10.5267660518,"Mean":0.0002523173},"V15":{"Min":-4.4989446768,"Max":8.8777415977,"Mean":0.001042838},"V16":{"Min":-14.1298545175,"Max":17.3151115176,"Mean":0.0011620128},"V17":{"Min":-25.1627993693,"Max":9.2535262505,"Mean":0.0001701609},"V18":{"Min":-9.498745921,"Max":5.0410691854,"Mean":0.001515166},"V19":{"Min":-7.2135274302,"Max":5.5919714273,"Mean":-0.0002642636},"V20":{"Min":-54.4977204946,"Max":39.4209042482,"Mean":0.0001871752},"V21":{"Min":-34.8303821448,"Max":27.2028391573,"Mean":-0.0003705931},"V22":{"Min":-10.9331436977,"Max":10.5030900899,"Mean":-0.0000150276},"V23":{"Min":-44.8077352038,"Max":22.5284116898,"Mean":0.0001981707},"V24":{"Min":-2.8366269187,"Max":4.5845491369,"Mean":0.0002142068},"V25":{"Min":-10.295397075,"Max":7.5195886787,"Mean":-0.000232387},"V26":{"Min":-2.6045505528,"Max":3.5173456116,"Mean":0.0001494411},"V27":{"Min":-22.5656793208,"Max":31.6121981061,"Mean":0.0017630316},"V28":{"Min":-15.4300839055,"Max":33.8478078189,"Mean":0.0005473121},"Amount":{"Min":0.0,"Max":25691.16,"Mean":88.472687311}}